"","CNV","RNA","Proteome"
"cross-validation 1",0.453131409871144,0.398937337617827,0.398051191414189
"cross-validation 2",0.46780280898134,0.428478128363776,0.436234329577087
"cross-validation 3",0.479130416907824,0.42754013564505,0.427325414490674
"cross-validation 4",0.418217445393627,0.359588206678077,0.360194767657
"cross-validation 5",0.416636904374486,0.37105228423718,0.37047994593485
