"","CNV","RNA","Proteome"
"cross-validation 1",0.0616145041996005,0.213654092712506,0.322560696015067
"cross-validation 2",0.00842259738913328,0.202212690608374,0.226731412242911
"cross-validation 3",0.0580453345896631,0.213539117337886,0.373455611310459
"cross-validation 4",0.109652637304193,0.252091161448076,0.328320745256496
"cross-validation 5",-0.0675142064450986,0.194592709450414,0.282497928337085
