"","CNV","RNA","Proteome"
"cross-validation 1",0.152458836190399,0.228504291151522,0.341741895017877
"cross-validation 2",0.155698438072436,0.250959404297496,0.327703413445856
"cross-validation 3",0.130888448571664,0.239273598239564,0.31318495787329
"cross-validation 4",0.145287325606932,0.236073108615249,0.313727588029741
"cross-validation 5",0.118482464170971,0.19160519969542,0.301066691574512
