"","CNV","RNA","Proteome"
"cross-validation 1",0.518894281360586,0.51697655307178,0.463058775453677
"cross-validation 2",0.481629083930571,0.465598808460211,0.430742025827389
"cross-validation 3",0.499725070143504,0.506859901605629,0.438255189773085
"cross-validation 4",0.483766214670578,0.463771694740548,0.420325077664813
"cross-validation 5",0.492478400382613,0.470962659799789,0.425838408888403
